"level","stat_group","aliases","unit","expected_total_stat","target_training_share","target_training_stat","gain_per_click","target_training_clicks","effective_training_stat_at_target","max_click_cap","max_trainable_stat_at_cap","train_share_at_cap","cost_level_multiplier","base_click_cost_ducats","next_click_cost_at_target_ducats","total_cost_to_target_ducats","missions_for_next_click_at_target","missions_for_target_from_zero","mission_base_reward_ducats"
"1","strength","strength","flat","26.5","0.225","5.96","0.5","12","6","1000","500","18.87","1","22","23","272","0.77","9.07","30"
"1","intelligence","intelligence","flat","26.5","0.225","5.96","0.5","12","6","1000","500","18.87","1","22","23","272","0.77","9.07","30"
"1","agility","agility;dexterity","flat","26.5","0.225","5.96","0.5","12","6","1000","500","18.87","1","22","23","272","0.77","9.07","30"
"1","vitality","vitality","flat","37.5","0.225","8.44","0.5","17","8.5","1000","500","13.33","1","20","22","355","0.73","11.85","30"
"2","strength","strength","flat","33.34","0.225","7.5","0.5","15","7.5","1000","500","15","1.085","24","26","372","0.79","11.28","33"
"2","intelligence","intelligence","flat","33.34","0.225","7.5","0.5","15","7.5","1000","500","15","1.085","24","26","372","0.79","11.28","33"
"2","agility","agility;dexterity","flat","33.34","0.225","7.5","0.5","15","7.5","1000","500","15","1.085","24","26","372","0.79","11.28","33"
"2","vitality","vitality","flat","45.47","0.225","10.23","0.5","21","10.5","1000","500","11","1.085","22","24","482","0.73","14.6","33"
"3","strength","strength","flat","40.33","0.225","9.07","0.5","19","9.5","1000","500","12.4","1.177225","26","29","517","0.81","14.37","36"
"3","intelligence","intelligence","flat","40.33","0.225","9.07","0.5","19","9.5","1000","500","12.4","1.177225","26","29","517","0.81","14.37","36"
"3","agility","agility;dexterity","flat","40.33","0.225","9.07","0.5","19","9.5","1000","500","12.4","1.177225","26","29","517","0.81","14.37","36"
"3","vitality","vitality","flat","53.6","0.225","12.06","0.5","25","12.5","1000","500","9.33","1.177225","24","27","629","0.75","17.48","36"
"4","strength","strength","flat","47.45","0.225","10.68","0.5","22","11","1000","500","10.54","1.277289","28","32","655","0.8","16.38","40"
"4","intelligence","intelligence","flat","47.45","0.225","10.68","0.5","22","11","1000","500","10.54","1.277289","28","32","655","0.8","16.38","40"
"4","agility","agility;dexterity","flat","47.45","0.225","10.68","0.5","22","11","1000","500","10.54","1.277289","28","32","655","0.8","16.38","40"
"4","vitality","vitality","flat","61.89","0.225","13.93","0.5","28","14","1000","500","8.08","1.277289","26","30","771","0.75","19.28","40"
"5","strength","strength","flat","54.72","0.225","12.31","0.5","25","12.5","1000","500","9.14","1.385859","30","35","815","0.8","18.52","44"
"5","intelligence","intelligence","flat","54.72","0.225","12.31","0.5","25","12.5","1000","500","9.14","1.385859","30","35","815","0.8","18.52","44"
"5","agility","agility;dexterity","flat","54.72","0.225","12.31","0.5","25","12.5","1000","500","9.14","1.385859","30","35","815","0.8","18.52","44"
"5","vitality","vitality","flat","70.35","0.225","15.83","0.5","32","16","1000","500","7.11","1.385859","28","33","967","0.75","21.97","44"
"6","strength","strength","flat","62.13","0.225","13.98","0.5","28","14","1000","500","8.05","1.503657","33","38","998","0.79","20.8","48"
"6","intelligence","intelligence","flat","62.13","0.225","13.98","0.5","28","14","1000","500","8.05","1.503657","33","38","998","0.79","20.8","48"
"6","agility","agility;dexterity","flat","62.13","0.225","13.98","0.5","28","14","1000","500","8.05","1.503657","33","38","998","0.79","20.8","48"
"6","vitality","vitality","flat","78.98","0.225","17.77","0.5","36","18","1000","500","6.33","1.503657","30","36","1194","0.75","24.87","48"
"7","strength","strength","flat","69.69","0.225","15.68","0.5","32","16","1000","500","7.17","1.631468","36","43","1252","0.81","23.62","53"
"7","intelligence","intelligence","flat","69.69","0.225","15.68","0.5","32","16","1000","500","7.17","1.631468","36","43","1252","0.81","23.62","53"
"7","agility","agility;dexterity","flat","69.69","0.225","15.68","0.5","32","16","1000","500","7.17","1.631468","36","43","1252","0.81","23.62","53"
"7","vitality","vitality","flat","87.78","0.225","19.75","0.5","40","20","1000","500","5.7","1.631468","33","40","1455","0.75","27.46","53"
"8","strength","strength","flat","77.41","0.225","17.42","0.5","35","17.5","1000","500","6.46","1.770142","39","47","1499","0.81","25.84","58"
"8","intelligence","intelligence","flat","77.41","0.225","17.42","0.5","35","17.5","1000","500","6.46","1.770142","39","47","1499","0.81","25.84","58"
"8","agility","agility;dexterity","flat","77.41","0.225","17.42","0.5","35","17.5","1000","500","6.46","1.770142","39","47","1499","0.81","25.84","58"
"8","vitality","vitality","flat","96.76","0.225","21.77","0.5","44","22","1000","500","5.17","1.770142","35","45","1757","0.78","30.29","58"
"9","strength","strength","flat","85.27","0.225","19.19","0.5","39","19.5","1000","500","5.86","1.920604","42","52","1832","0.81","28.63","64"
"9","intelligence","intelligence","flat","85.27","0.225","19.19","0.5","39","19.5","1000","500","5.86","1.920604","42","52","1832","0.81","28.63","64"
"9","agility","agility;dexterity","flat","85.27","0.225","19.19","0.5","39","19.5","1000","500","5.86","1.920604","42","52","1832","0.81","28.63","64"
"9","vitality","vitality","flat","105.91","0.225","23.83","0.5","48","24","1000","500","4.72","1.920604","38","50","2103","0.78","32.87","64"
"10","strength","strength","flat","93.3","0.225","20.99","0.5","42","21","1000","500","5.36","2.083856","46","57","2159","0.8","30.41","71"
"10","intelligence","intelligence","flat","93.3","0.225","20.99","0.5","42","21","1000","500","5.36","2.083856","46","57","2159","0.8","30.41","71"
"10","agility","agility;dexterity","flat","93.3","0.225","20.99","0.5","42","21","1000","500","5.36","2.083856","46","57","2159","0.8","30.41","71"
"10","vitality","vitality","flat","115.25","0.225","25.93","0.5","52","26","1000","500","4.34","2.083856","42","55","2501","0.77","35.23","71"
"11","strength","strength","flat","101.47","0.225","22.83","0.5","46","23","1000","500","4.93","2.260983","50","64","2596","0.82","33.28","78"
"11","intelligence","intelligence","flat","101.47","0.225","22.83","0.5","46","23","1000","500","4.93","2.260983","50","64","2596","0.82","33.28","78"
"11","agility","agility;dexterity","flat","101.47","0.225","22.83","0.5","46","23","1000","500","4.93","2.260983","50","64","2596","0.82","33.28","78"
"11","vitality","vitality","flat","124.76","0.225","28.07","0.5","57","28.5","1000","500","4.01","2.260983","45","61","3018","0.78","38.69","78"
"12","strength","strength","flat","109.81","0.225","24.71","0.5","50","25","1000","500","4.55","2.453167","54","71","3096","0.83","36","86"
"12","intelligence","intelligence","flat","109.81","0.225","24.71","0.5","50","25","1000","500","4.55","2.453167","54","71","3096","0.83","36","86"
"12","agility","agility;dexterity","flat","109.81","0.225","24.71","0.5","50","25","1000","500","4.55","2.453167","54","71","3096","0.83","36","86"
"12","vitality","vitality","flat","134.46","0.225","30.25","0.5","61","30.5","1000","500","3.72","2.453167","49","68","3545","0.79","41.22","86"
"13","strength","strength","flat","118.31","0.225","26.62","0.5","54","27","1000","500","4.23","2.661686","59","78","3670","0.83","39.04","94"
"13","intelligence","intelligence","flat","118.31","0.225","26.62","0.5","54","27","1000","500","4.23","2.661686","59","78","3670","0.83","39.04","94"
"13","agility","agility;dexterity","flat","118.31","0.225","26.62","0.5","54","27","1000","500","4.23","2.661686","59","78","3670","0.83","39.04","94"
"13","vitality","vitality","flat","144.35","0.225","32.48","0.5","65","32.5","1000","500","3.46","2.661686","53","76","4146","0.81","44.11","94"
"14","strength","strength","flat","126.98","0.225","28.57","0.5","58","29","1000","500","3.94","2.88793","64","87","4327","0.84","41.6","104"
"14","intelligence","intelligence","flat","126.98","0.225","28.57","0.5","58","29","1000","500","3.94","2.88793","64","87","4327","0.84","41.6","104"
"14","agility","agility;dexterity","flat","126.98","0.225","28.57","0.5","58","29","1000","500","3.94","2.88793","64","87","4327","0.84","41.6","104"
"14","vitality","vitality","flat","154.44","0.225","34.75","0.5","70","35","1000","500","3.24","2.88793","58","84","4915","0.81","47.26","104"
"15","strength","strength","flat","135.81","0.225","30.56","0.5","62","31","1000","500","3.68","3.133404","69","96","5077","0.84","44.53","114"
"15","intelligence","intelligence","flat","135.81","0.225","30.56","0.5","62","31","1000","500","3.68","3.133404","69","96","5077","0.84","44.53","114"
"15","agility","agility;dexterity","flat","135.81","0.225","30.56","0.5","62","31","1000","500","3.68","3.133404","69","96","5077","0.84","44.53","114"
"15","vitality","vitality","flat","164.71","0.225","37.06","0.5","75","37.5","1000","500","3.04","3.133404","63","94","5798","0.82","50.86","114"
"16","strength","strength","flat","144.82","0.225","32.58","0.5","66","33","1000","500","3.45","3.399743","75","107","5932","0.86","47.46","125"
"16","intelligence","intelligence","flat","144.82","0.225","32.58","0.5","66","33","1000","500","3.45","3.399743","75","107","5932","0.86","47.46","125"
"16","agility","agility;dexterity","flat","144.82","0.225","32.58","0.5","66","33","1000","500","3.45","3.399743","75","107","5932","0.86","47.46","125"
"16","vitality","vitality","flat","175.18","0.225","39.42","0.5","79","39.5","1000","500","2.85","3.399743","68","104","6705","0.83","53.64","125"
"17","strength","strength","flat","153.99","0.225","34.65","0.5","70","35","1000","500","3.25","3.688721","81","118","6906","0.86","50.05","138"
"17","intelligence","intelligence","flat","153.99","0.225","34.65","0.5","70","35","1000","500","3.25","3.688721","81","118","6906","0.86","50.05","138"
"17","agility","agility;dexterity","flat","153.99","0.225","34.65","0.5","70","35","1000","500","3.25","3.688721","81","118","6906","0.86","50.05","138"
"17","vitality","vitality","flat","185.85","0.225","41.82","0.5","84","42","1000","500","2.69","3.688721","74","116","7850","0.84","56.88","138"
"18","strength","strength","flat","163.35","0.225","36.75","0.5","74","37","1000","500","3.06","4.002262","88","131","8015","0.86","52.73","152"
"18","intelligence","intelligence","flat","163.35","0.225","36.75","0.5","74","37","1000","500","3.06","4.002262","88","131","8015","0.86","52.73","152"
"18","agility","agility;dexterity","flat","163.35","0.225","36.75","0.5","74","37","1000","500","3.06","4.002262","88","131","8015","0.86","52.73","152"
"18","vitality","vitality","flat","196.73","0.225","44.26","0.5","89","44.5","1000","500","2.54","4.002262","80","130","9159","0.86","60.26","152"
"19","strength","strength","flat","172.87","0.225","38.9","0.5","78","39","1000","500","2.89","4.342455","96","146","9274","0.87","55.53","167"
"19","intelligence","intelligence","flat","172.87","0.225","38.9","0.5","78","39","1000","500","2.89","4.342455","96","146","9274","0.87","55.53","167"
"19","agility","agility;dexterity","flat","172.87","0.225","38.9","0.5","78","39","1000","500","2.89","4.342455","96","146","9274","0.87","55.53","167"
"19","vitality","vitality","flat","207.81","0.225","46.76","0.5","94","47","1000","500","2.41","4.342455","87","145","10653","0.87","63.79","167"
"20","strength","strength","flat","182.58","0.225","41.08","0.5","83","41.5","1000","500","2.74","4.711563","104","163","10866","0.89","59.38","183"
"20","intelligence","intelligence","flat","182.58","0.225","41.08","0.5","83","41.5","1000","500","2.74","4.711563","104","163","10866","0.89","59.38","183"
"20","agility","agility;dexterity","flat","182.58","0.225","41.08","0.5","83","41.5","1000","500","2.74","4.711563","104","163","10866","0.89","59.38","183"
"20","vitality","vitality","flat","219.1","0.225","49.3","0.5","99","49.5","1000","500","2.28","4.711563","94","161","12356","0.88","67.52","183"
"21","strength","strength","flat","192.48","0.225","43.31","0.5","87","43.5","1000","500","2.6","5.112046","112","180","12505","0.89","61.91","202"
"21","intelligence","intelligence","flat","192.48","0.225","43.31","0.5","87","43.5","1000","500","2.6","5.112046","112","180","12505","0.89","61.91","202"
"21","agility","agility;dexterity","flat","192.48","0.225","43.31","0.5","87","43.5","1000","500","2.6","5.112046","112","180","12505","0.89","61.91","202"
"21","vitality","vitality","flat","230.6","0.225","51.89","0.5","104","52","1000","500","2.17","5.112046","102","180","14296","0.89","70.77","202"
"22","strength","strength","flat","202.56","0.225","45.58","0.5","92","46","1000","500","2.47","5.54657","122","201","14562","0.91","65.59","222"
"22","intelligence","intelligence","flat","202.56","0.225","45.58","0.5","92","46","1000","500","2.47","5.54657","122","201","14562","0.91","65.59","222"
"22","agility","agility;dexterity","flat","202.56","0.225","45.58","0.5","92","46","1000","500","2.47","5.54657","122","201","14562","0.91","65.59","222"
"22","vitality","vitality","flat","242.32","0.225","54.52","0.5","110","55","1000","500","2.06","5.54657","111","202","16705","0.91","75.25","222"
"23","strength","strength","flat","212.83","0.225","47.89","0.5","96","48","1000","500","2.35","6.018028","132","223","16684","0.91","68.38","244"
"23","intelligence","intelligence","flat","212.83","0.225","47.89","0.5","96","48","1000","500","2.35","6.018028","132","223","16684","0.91","68.38","244"
"23","agility","agility;dexterity","flat","212.83","0.225","47.89","0.5","96","48","1000","500","2.35","6.018028","132","223","16684","0.91","68.38","244"
"23","vitality","vitality","flat","254.26","0.225","57.21","0.5","115","57.5","1000","500","1.97","6.018028","120","225","19237","0.92","78.84","244"
"24","strength","strength","flat","223.28","0.225","50.24","0.5","101","50.5","1000","500","2.24","6.529561","144","249","19332","0.93","71.87","269"
"24","intelligence","intelligence","flat","223.28","0.225","50.24","0.5","101","50.5","1000","500","2.24","6.529561","144","249","19332","0.93","71.87","269"
"24","agility","agility;dexterity","flat","223.28","0.225","50.24","0.5","101","50.5","1000","500","2.24","6.529561","144","249","19332","0.93","71.87","269"
"24","vitality","vitality","flat","266.42","0.225","59.94","0.5","120","60","1000","500","1.88","6.529561","131","251","22113","0.93","82.2","269"
"25","strength","strength","flat","233.94","0.225","52.64","0.5","106","53","1000","500","2.14","7.084574","156","277","22346","0.94","75.75","295"
"25","intelligence","intelligence","flat","233.94","0.225","52.64","0.5","106","53","1000","500","2.14","7.084574","156","277","22346","0.94","75.75","295"
"25","agility","agility;dexterity","flat","233.94","0.225","52.64","0.5","106","53","1000","500","2.14","7.084574","156","277","22346","0.94","75.75","295"
"25","vitality","vitality","flat","278.8","0.225","62.73","0.5","126","63","1000","500","1.79","7.084574","142","281","25657","0.95","86.97","295"
"26","strength","strength","flat","244.79","0.225","55.08","0.5","111","55.5","1000","500","2.04","7.686762","169","309","25774","0.95","79.31","325"
"26","intelligence","intelligence","flat","244.79","0.225","55.08","0.5","111","55.5","1000","500","2.04","7.686762","169","309","25774","0.95","79.31","325"
"26","agility","agility;dexterity","flat","244.79","0.225","55.08","0.5","111","55.5","1000","500","2.04","7.686762","169","309","25774","0.95","79.31","325"
"26","vitality","vitality","flat","291.42","0.225","65.57","0.5","132","66","1000","500","1.72","7.686762","154","315","29704","0.97","91.4","325"
"27","strength","strength","flat","255.84","0.225","57.56","0.5","116","58","1000","500","1.95","8.340137","183","345","29670","0.96","82.88","358"
"27","intelligence","intelligence","flat","255.84","0.225","57.56","0.5","116","58","1000","500","1.95","8.340137","183","345","29670","0.96","82.88","358"
"27","agility","agility;dexterity","flat","255.84","0.225","57.56","0.5","116","58","1000","500","1.95","8.340137","183","345","29670","0.96","82.88","358"
"27","vitality","vitality","flat","304.26","0.225","68.46","0.5","137","68.5","1000","500","1.64","8.340137","167","352","33968","0.98","94.88","358"
"28","strength","strength","flat","267.1","0.225","60.1","0.5","121","60.5","1000","500","1.87","9.049049","199","384","34094","0.98","86.75","393"
"28","intelligence","intelligence","flat","267.1","0.225","60.1","0.5","121","60.5","1000","500","1.87","9.049049","199","384","34094","0.98","86.75","393"
"28","agility","agility;dexterity","flat","267.1","0.225","60.1","0.5","121","60.5","1000","500","1.87","9.049049","199","384","34094","0.98","86.75","393"
"28","vitality","vitality","flat","317.34","0.225","71.4","0.5","143","71.5","1000","500","1.58","9.049049","181","394","39190","1","99.72","393"
"29","strength","strength","flat","278.56","0.225","62.68","0.5","126","63","1000","500","1.79","9.818218","216","429","39112","0.99","90.33","433"
"29","intelligence","intelligence","flat","278.56","0.225","62.68","0.5","126","63","1000","500","1.79","9.818218","216","429","39112","0.99","90.33","433"
"29","agility","agility;dexterity","flat","278.56","0.225","62.68","0.5","126","63","1000","500","1.79","9.818218","216","429","39112","0.99","90.33","433"
"29","vitality","vitality","flat","330.67","0.225","74.4","0.5","149","74.5","1000","500","1.51","9.818218","196","442","45138","1.02","104.24","433"
"30","strength","strength","flat","290.23","0.225","65.3","0.5","131","65.5","1000","500","1.72","10.652766","234","478","44802","1","94.12","476"
"30","intelligence","intelligence","flat","290.23","0.225","65.3","0.5","131","65.5","1000","500","1.72","10.652766","234","478","44802","1","94.12","476"
"30","agility","agility;dexterity","flat","290.23","0.225","65.3","0.5","131","65.5","1000","500","1.72","10.652766","234","478","44802","1","94.12","476"
"30","vitality","vitality","flat","344.23","0.225","77.45","0.5","155","77.5","1000","500","1.45","10.652766","213","496","51909","1.04","109.05","476"
"31","strength","strength","flat","302.12","0.225","67.98","0.5","136","68","1000","500","1.65","11.558252","254","533","51247","1.02","97.99","523"
"31","intelligence","intelligence","flat","302.12","0.225","67.98","0.5","136","68","1000","500","1.65","11.558252","254","533","51247","1.02","97.99","523"
"31","agility","agility;dexterity","flat","302.12","0.225","67.98","0.5","136","68","1000","500","1.65","11.558252","254","533","51247","1.02","97.99","523"
"31","vitality","vitality","flat","358.04","0.225","80.56","0.5","162","81","1000","500","1.4","11.558252","231","559","60171","1.07","115.05","523"
"32","strength","strength","flat","314.22","0.225","70.7","0.5","142","71","1000","500","1.59","12.540703","276","598","59141","1.04","102.68","576"
"32","intelligence","intelligence","flat","314.22","0.225","70.7","0.5","142","71","1000","500","1.59","12.540703","276","598","59141","1.04","102.68","576"
"32","agility","agility;dexterity","flat","314.22","0.225","70.7","0.5","142","71","1000","500","1.59","12.540703","276","598","59141","1.04","102.68","576"
"32","vitality","vitality","flat","372.1","0.225","83.72","0.5","168","84","1000","500","1.34","12.540703","251","627","68996","1.09","119.78","576"
"33","strength","strength","flat","326.53","0.225","73.47","0.5","147","73.5","1000","500","1.53","13.606663","299","667","67466","1.05","106.58","633"
"33","intelligence","intelligence","flat","326.53","0.225","73.47","0.5","147","73.5","1000","500","1.53","13.606663","299","667","67466","1.05","106.58","633"
"33","agility","agility;dexterity","flat","326.53","0.225","73.47","0.5","147","73.5","1000","500","1.53","13.606663","299","667","67466","1.05","106.58","633"
"33","vitality","vitality","flat","386.41","0.225","86.94","0.5","174","87","1000","500","1.29","13.606663","272","703","79020","1.11","124.83","633"
"34","strength","strength","flat","339.08","0.225","76.29","0.5","153","76.5","1000","500","1.47","14.763229","325","748","77625","1.07","111.37","697"
"34","intelligence","intelligence","flat","339.08","0.225","76.29","0.5","153","76.5","1000","500","1.47","14.763229","325","748","77625","1.07","111.37","697"
"34","agility","agility;dexterity","flat","339.08","0.225","76.29","0.5","153","76.5","1000","500","1.47","14.763229","325","748","77625","1.07","111.37","697"
"34","vitality","vitality","flat","400.98","0.225","90.22","0.5","181","90.5","1000","500","1.25","14.763229","295","792","91194","1.14","130.84","697"
"35","strength","strength","flat","351.84","0.225","79.16","0.5","159","79.5","1000","500","1.42","16.018104","352","838","89185","1.09","116.43","766"
"35","intelligence","intelligence","flat","351.84","0.225","79.16","0.5","159","79.5","1000","500","1.42","16.018104","352","838","89185","1.09","116.43","766"
"35","agility","agility;dexterity","flat","351.84","0.225","79.16","0.5","159","79.5","1000","500","1.42","16.018104","352","838","89185","1.09","116.43","766"
"35","vitality","vitality","flat","415.81","0.225","93.56","0.5","188","94","1000","500","1.2","16.018104","320","893","105098","1.17","137.2","766"
"36","strength","strength","flat","364.84","0.225","82.09","0.5","165","82.5","1000","500","1.37","17.379642","382","940","102329","1.12","121.39","843"
"36","intelligence","intelligence","flat","364.84","0.225","82.09","0.5","165","82.5","1000","500","1.37","17.379642","382","940","102329","1.12","121.39","843"
"36","agility","agility;dexterity","flat","364.84","0.225","82.09","0.5","165","82.5","1000","500","1.37","17.379642","382","940","102329","1.12","121.39","843"
"36","vitality","vitality","flat","430.91","0.225","96.95","0.5","194","97","1000","500","1.16","17.379642","348","1002","119961","1.19","142.3","843"
"37","strength","strength","flat","378.07","0.225","85.07","0.5","171","85.5","1000","500","1.32","18.856912","415","1054","117265","1.14","126.5","927"
"37","intelligence","intelligence","flat","378.07","0.225","85.07","0.5","171","85.5","1000","500","1.32","18.856912","415","1054","117265","1.14","126.5","927"
"37","agility","agility;dexterity","flat","378.07","0.225","85.07","0.5","171","85.5","1000","500","1.32","18.856912","415","1054","117265","1.14","126.5","927"
"37","vitality","vitality","flat","446.28","0.225","100.41","0.5","201","100.5","1000","500","1.12","18.856912","377","1130","137936","1.22","148.8","927"
"38","strength","strength","flat","391.53","0.225","88.09","0.5","177","88.5","1000","500","1.28","20.45975","450","1182","134228","1.16","131.6","1020"
"38","intelligence","intelligence","flat","391.53","0.225","88.09","0.5","177","88.5","1000","500","1.28","20.45975","450","1182","134228","1.16","131.6","1020"
"38","agility","agility;dexterity","flat","391.53","0.225","88.09","0.5","177","88.5","1000","500","1.28","20.45975","450","1182","134228","1.16","131.6","1020"
"38","vitality","vitality","flat","461.92","0.225","103.93","0.5","208","104","1000","500","1.08","20.45975","409","1274","158431","1.25","155.32","1020"
"39","strength","strength","flat","405.23","0.225","91.18","0.5","183","91.5","1000","500","1.23","22.198828","488","1325","153480","1.18","136.79","1122"
"39","intelligence","intelligence","flat","405.23","0.225","91.18","0.5","183","91.5","1000","500","1.23","22.198828","488","1325","153480","1.18","136.79","1122"
"39","agility","agility;dexterity","flat","405.23","0.225","91.18","0.5","183","91.5","1000","500","1.23","22.198828","488","1325","153480","1.18","136.79","1122"
"39","vitality","vitality","flat","477.83","0.225","107.51","0.5","216","108","1000","500","1.05","22.198828","444","1444","183229","1.29","163.31","1122"
"40","strength","strength","flat","419.18","0.225","94.32","0.5","189","94.5","1000","500","1.19","24.085729","530","1486","175321","1.2","142.08","1234"
"40","intelligence","intelligence","flat","419.18","0.225","94.32","0.5","189","94.5","1000","500","1.19","24.085729","530","1486","175321","1.2","142.08","1234"
"40","agility","agility;dexterity","flat","419.18","0.225","94.32","0.5","189","94.5","1000","500","1.19","24.085729","530","1486","175321","1.2","142.08","1234"
"40","vitality","vitality","flat","494.03","0.225","111.16","0.5","223","111.5","1000","500","1.01","24.085729","482","1628","210013","1.32","170.19","1234"
"41","strength","strength","flat","433.37","0.225","97.51","0.5","196","98","1000","500","1.15","26.133016","575","1675","201760","1.23","148.57","1358"
"41","intelligence","intelligence","flat","433.37","0.225","97.51","0.5","196","98","1000","500","1.15","26.133016","575","1675","201760","1.23","148.57","1358"
"41","agility","agility;dexterity","flat","433.37","0.225","97.51","0.5","196","98","1000","500","1.15","26.133016","575","1675","201760","1.23","148.57","1358"
"41","vitality","vitality","flat","510.51","0.225","114.86","0.5","230","115","1000","500","0.98","26.133016","523","1835","240503","1.35","177.1","1358"
"42","strength","strength","flat","447.81","0.225","100.76","0.5","202","101","1000","500","1.12","28.354322","624","1879","230029","1.26","153.97","1494"
"42","intelligence","intelligence","flat","447.81","0.225","100.76","0.5","202","101","1000","500","1.12","28.354322","624","1879","230029","1.26","153.97","1494"
"42","agility","agility;dexterity","flat","447.81","0.225","100.76","0.5","202","101","1000","500","1.12","28.354322","624","1879","230029","1.26","153.97","1494"
"42","vitality","vitality","flat","527.29","0.225","118.64","0.5","238","119","1000","500","0.95","28.354322","567","2081","277276","1.39","185.59","1494"
"43","strength","strength","flat","462.51","0.225","104.06","0.5","209","104.5","1000","500","1.08","30.764439","677","2118","264167","1.29","160.78","1643"
"43","intelligence","intelligence","flat","462.51","0.225","104.06","0.5","209","104.5","1000","500","1.08","30.764439","677","2118","264167","1.29","160.78","1643"
"43","agility","agility;dexterity","flat","462.51","0.225","104.06","0.5","209","104.5","1000","500","1.08","30.764439","677","2118","264167","1.29","160.78","1643"
"43","vitality","vitality","flat","544.35","0.225","122.48","0.5","245","122.5","1000","500","0.92","30.764439","615","2346","316998","1.43","192.94","1643"
"44","strength","strength","flat","477.46","0.225","107.43","0.5","215","107.5","1000","500","1.05","33.379417","734","2375","300677","1.31","166.4","1807"
"44","intelligence","intelligence","flat","477.46","0.225","107.43","0.5","215","107.5","1000","500","1.05","33.379417","734","2375","300677","1.31","166.4","1807"
"44","agility","agility;dexterity","flat","477.46","0.225","107.43","0.5","215","107.5","1000","500","1.05","33.379417","734","2375","300677","1.31","166.4","1807"
"44","vitality","vitality","flat","561.71","0.225","126.38","0.5","253","126.5","1000","500","0.89","33.379417","668","2659","364816","1.47","201.89","1807"
"45","strength","strength","flat","492.67","0.225","110.85","0.5","222","111","1000","500","1.01","36.216667","797","2678","344674","1.35","173.38","1988"
"45","intelligence","intelligence","flat","492.67","0.225","110.85","0.5","222","111","1000","500","1.01","36.216667","797","2678","344674","1.35","173.38","1988"
"45","agility","agility;dexterity","flat","492.67","0.225","110.85","0.5","222","111","1000","500","1.01","36.216667","797","2678","344674","1.35","173.38","1988"
"45","vitality","vitality","flat","579.38","0.225","130.36","0.5","261","130.5","1000","500","0.86","36.216667","724","3015","419488","1.52","211.01","1988"
"46","strength","strength","flat","508.15","0.225","114.33","0.5","229","114.5","1000","500","0.98","39.295084","864","3019","394762","1.38","180.5","2187"
"46","intelligence","intelligence","flat","508.15","0.225","114.33","0.5","229","114.5","1000","500","0.98","39.295084","864","3019","394762","1.38","180.5","2187"
"46","agility","agility;dexterity","flat","508.15","0.225","114.33","0.5","229","114.5","1000","500","0.98","39.295084","864","3019","394762","1.38","180.5","2187"
"46","vitality","vitality","flat","597.35","0.225","134.4","0.5","269","134.5","1000","500","0.84","39.295084","786","3418","481970","1.56","220.38","2187"
"47","strength","strength","flat","523.9","0.225","117.88","0.5","236","118","1000","500","0.95","42.635166","938","3404","451756","1.42","187.84","2405"
"47","intelligence","intelligence","flat","523.9","0.225","117.88","0.5","236","118","1000","500","0.95","42.635166","938","3404","451756","1.42","187.84","2405"
"47","agility","agility;dexterity","flat","523.9","0.225","117.88","0.5","236","118","1000","500","0.95","42.635166","938","3404","451756","1.42","187.84","2405"
"47","vitality","vitality","flat","615.64","0.225","138.52","0.5","278","139","1000","500","0.81","42.635166","853","3896","557245","1.62","231.7","2405"
"48","strength","strength","flat","539.91","0.225","121.48","0.5","243","121.5","1000","500","0.93","46.259155","1018","3838","516583","1.45","195.23","2646"
"48","intelligence","intelligence","flat","539.91","0.225","121.48","0.5","243","121.5","1000","500","0.93","46.259155","1018","3838","516583","1.45","195.23","2646"
"48","agility","agility;dexterity","flat","539.91","0.225","121.48","0.5","243","121.5","1000","500","0.93","46.259155","1018","3838","516583","1.45","195.23","2646"
"48","vitality","vitality","flat","634.24","0.225","142.7","0.5","286","143","1000","500","0.79","46.259155","925","4417","639277","1.67","241.6","2646"
"49","strength","strength","flat","556.21","0.225","125.15","0.5","251","125.5","1000","500","0.9","50.191183","1104","4351","594640","1.49","204.27","2911"
"49","intelligence","intelligence","flat","556.21","0.225","125.15","0.5","251","125.5","1000","500","0.9","50.191183","1104","4351","594640","1.49","204.27","2911"
"49","agility","agility;dexterity","flat","556.21","0.225","125.15","0.5","251","125.5","1000","500","0.9","50.191183","1104","4351","594640","1.49","204.27","2911"
"49","vitality","vitality","flat","653.16","0.225","146.96","0.5","294","147","1000","500","0.77","50.191183","1004","5007","732916","1.72","251.77","2911"
"50","strength","strength","flat","572.79","0.225","128.88","0.5","258","129","1000","500","0.87","54.457434","1198","4905","678964","1.53","212.04","3202"
"50","intelligence","intelligence","flat","572.79","0.225","128.88","0.5","258","129","1000","500","0.87","54.457434","1198","4905","678964","1.53","212.04","3202"
"50","agility","agility;dexterity","flat","572.79","0.225","128.88","0.5","258","129","1000","500","0.87","54.457434","1198","4905","678964","1.53","212.04","3202"
"50","vitality","vitality","flat","672.4","0.225","151.29","0.5","303","151.5","1000","500","0.74","54.457434","1089","5708","845475","1.78","264.05","3202"
"51","strength","strength","flat","589.65","0.225","132.67","0.5","266","133","1000","500","0.85","59.086316","1300","5561","780322","1.58","221.56","3522"
"51","intelligence","intelligence","flat","589.65","0.225","132.67","0.5","266","133","1000","500","0.85","59.086316","1300","5561","780322","1.58","221.56","3522"
"51","agility","agility;dexterity","flat","589.65","0.225","132.67","0.5","266","133","1000","500","0.85","59.086316","1300","5561","780322","1.58","221.56","3522"
"51","vitality","vitality","flat","691.98","0.225","155.7","0.5","312","156","1000","500","0.72","59.086316","1182","6506","974633","1.85","276.73","3522"
"52","strength","strength","flat","606.8","0.225","136.53","0.5","274","137","1000","500","0.82","64.108652","1410","6304","896130","1.63","231.32","3874"
"52","intelligence","intelligence","flat","606.8","0.225","136.53","0.5","274","137","1000","500","0.82","64.108652","1410","6304","896130","1.63","231.32","3874"
"52","agility","agility;dexterity","flat","606.8","0.225","136.53","0.5","274","137","1000","500","0.82","64.108652","1410","6304","896130","1.63","231.32","3874"
"52","vitality","vitality","flat","711.88","0.225","160.17","0.5","321","160.5","1000","500","0.7","64.108652","1282","7417","1122785","1.91","289.83","3874"
"53","strength","strength","flat","624.24","0.225","140.45","0.5","281","140.5","1000","500","0.8","69.557888","1530","7108","1021248","1.67","239.67","4261"
"53","intelligence","intelligence","flat","624.24","0.225","140.45","0.5","281","140.5","1000","500","0.8","69.557888","1530","7108","1021248","1.67","239.67","4261"
"53","agility","agility;dexterity","flat","624.24","0.225","140.45","0.5","281","140.5","1000","500","0.8","69.557888","1530","7108","1021248","1.67","239.67","4261"
"53","vitality","vitality","flat","732.13","0.225","164.73","0.5","330","165","1000","500","0.68","69.557888","1391","8454","1292667","1.98","303.37","4261"
"54","strength","strength","flat","641.98","0.225","144.45","0.5","289","144.5","1000","500","0.78","75.470308","1660","8058","1171299","1.72","249.9","4687"
"54","intelligence","intelligence","flat","641.98","0.225","144.45","0.5","289","144.5","1000","500","0.78","75.470308","1660","8058","1171299","1.72","249.9","4687"
"54","agility","agility;dexterity","flat","641.98","0.225","144.45","0.5","289","144.5","1000","500","0.78","75.470308","1660","8058","1171299","1.72","249.9","4687"
"54","vitality","vitality","flat","752.72","0.225","169.36","0.5","339","169.5","1000","500","0.66","75.470308","1509","9637","1487404","2.06","317.35","4687"
"55","strength","strength","flat","660.02","0.225","148.5","0.5","297","148.5","1000","500","0.76","81.885284","1801","9135","1342557","1.77","260.39","5156"
"55","intelligence","intelligence","flat","660.02","0.225","148.5","0.5","297","148.5","1000","500","0.76","81.885284","1801","9135","1342557","1.77","260.39","5156"
"55","agility","agility;dexterity","flat","660.02","0.225","148.5","0.5","297","148.5","1000","500","0.76","81.885284","1801","9135","1342557","1.77","260.39","5156"
"55","vitality","vitality","flat","773.67","0.225","174.08","0.5","349","174.5","1000","500","0.65","81.885284","1638","11046","1721612","2.14","333.9","5156"
"56","strength","strength","flat","678.37","0.225","152.63","0.5","306","153","1000","500","0.74","88.845534","1955","10413","1548371","1.84","272.98","5672"
"56","intelligence","intelligence","flat","678.37","0.225","152.63","0.5","306","153","1000","500","0.74","88.845534","1955","10413","1548371","1.84","272.98","5672"
"56","agility","agility;dexterity","flat","678.37","0.225","152.63","0.5","306","153","1000","500","0.74","88.845534","1955","10413","1548371","1.84","272.98","5672"
"56","vitality","vitality","flat","794.96","0.225","178.87","0.5","358","179","1000","500","0.63","88.845534","1777","12591","1978822","2.22","348.88","5672"
"57","strength","strength","flat","697.02","0.225","156.83","0.5","314","157","1000","500","0.72","96.397404","2121","11805","1772636","1.89","284.12","6239"
"57","intelligence","intelligence","flat","697.02","0.225","156.83","0.5","314","157","1000","500","0.72","96.397404","2121","11805","1772636","1.89","284.12","6239"
"57","agility","agility;dexterity","flat","697.02","0.225","156.83","0.5","314","157","1000","500","0.72","96.397404","2121","11805","1772636","1.89","284.12","6239"
"57","vitality","vitality","flat","816.62","0.225","183.74","0.5","368","184","1000","500","0.61","96.397404","1928","14432","2287837","2.31","366.7","6239"
"58","strength","strength","flat","716","0.225","161.1","0.5","323","161.5","1000","500","0.7","104.591183","2301","13457","2041806","1.96","297.51","6863"
"58","intelligence","intelligence","flat","716","0.225","161.1","0.5","323","161.5","1000","500","0.7","104.591183","2301","13457","2041806","1.96","297.51","6863"
"58","agility","agility;dexterity","flat","716","0.225","161.1","0.5","323","161.5","1000","500","0.7","104.591183","2301","13457","2041806","1.96","297.51","6863"
"58","vitality","vitality","flat","838.64","0.225","188.69","0.5","378","189","1000","500","0.6","104.591183","2092","16541","2643703","2.41","385.21","6863"
"59","strength","strength","flat","735.29","0.225","165.44","0.5","331","165.5","1000","500","0.68","113.481434","2497","15256","2335094","2.02","309.32","7549"
"59","intelligence","intelligence","flat","735.29","0.225","165.44","0.5","331","165.5","1000","500","0.68","113.481434","2497","15256","2335094","2.02","309.32","7549"
"59","agility","agility;dexterity","flat","735.29","0.225","165.44","0.5","331","165.5","1000","500","0.68","113.481434","2497","15256","2335094","2.02","309.32","7549"
"59","vitality","vitality","flat","861.02","0.225","193.73","0.5","388","194","1000","500","0.58","113.481434","2270","18959","3053409","2.51","404.48","7549"
"60","strength","strength","flat","754.9","0.225","169.85","0.5","340","170","1000","500","0.66","123.127356","2709","17390","2686706","2.09","323.54","8304"
"60","intelligence","intelligence","flat","754.9","0.225","169.85","0.5","340","170","1000","500","0.66","123.127356","2709","17390","2686706","2.09","323.54","8304"
"60","agility","agility;dexterity","flat","754.9","0.225","169.85","0.5","340","170","1000","500","0.66","123.127356","2709","17390","2686706","2.09","323.54","8304"
"60","vitality","vitality","flat","883.79","0.225","198.85","0.5","398","199","1000","500","0.57","123.127356","2463","21730","3524982","2.62","424.49","8304"
"61","strength","strength","flat","774.85","0.225","174.34","0.5","349","174.5","1000","500","0.65","133.593181","2939","19823","3089629","2.17","338.26","9134"
"61","intelligence","intelligence","flat","774.85","0.225","174.34","0.5","349","174.5","1000","500","0.65","133.593181","2939","19823","3089629","2.17","338.26","9134"
"61","agility","agility;dexterity","flat","774.85","0.225","174.34","0.5","349","174.5","1000","500","0.65","133.593181","2939","19823","3089629","2.17","338.26","9134"
"61","vitality","vitality","flat","906.93","0.225","204.06","0.5","409","204.5","1000","500","0.55","133.593181","2672","25044","4092675","2.74","448.07","9134"
"62","strength","strength","flat","795.12","0.225","178.9","0.5","358","179","1000","500","0.63","144.948601","3189","22596","3551221","2.25","353.43","10048"
"62","intelligence","intelligence","flat","795.12","0.225","178.9","0.5","358","179","1000","500","0.63","144.948601","3189","22596","3551221","2.25","353.43","10048"
"62","agility","agility;dexterity","flat","795.12","0.225","178.9","0.5","358","179","1000","500","0.63","144.948601","3189","22596","3551221","2.25","353.43","10048"
"62","vitality","vitality","flat","930.46","0.225","209.35","0.5","419","209.5","1000","500","0.54","144.948601","2899","28705","4720635","2.86","469.81","10048"
"63","strength","strength","flat","815.74","0.225","183.54","0.5","368","184","1000","500","0.61","157.269233","3460","25899","4105785","2.34","371.46","11053"
"63","intelligence","intelligence","flat","815.74","0.225","183.54","0.5","368","184","1000","500","0.61","157.269233","3460","25899","4105785","2.34","371.46","11053"
"63","agility","agility;dexterity","flat","815.74","0.225","183.54","0.5","368","184","1000","500","0.61","157.269233","3460","25899","4105785","2.34","371.46","11053"
"63","vitality","vitality","flat","954.38","0.225","214.74","0.5","430","215","1000","500","0.52","157.269233","3145","33081","5475994","2.99","495.43","11053"
"64","strength","strength","flat","836.69","0.225","188.26","0.5","377","188.5","1000","500","0.6","170.637117","3754","29523","4714741","2.43","387.79","12158"
"64","intelligence","intelligence","flat","836.69","0.225","188.26","0.5","377","188.5","1000","500","0.6","170.637117","3754","29523","4714741","2.43","387.79","12158"
"64","agility","agility;dexterity","flat","836.69","0.225","188.26","0.5","377","188.5","1000","500","0.6","170.637117","3754","29523","4714741","2.43","387.79","12158"
"64","vitality","vitality","flat","978.7","0.225","220.21","0.5","441","220.5","1000","500","0.51","170.637117","3413","38126","6349551","3.14","522.25","12158"
"65","strength","strength","flat","858","0.225","193.05","0.5","387","193.5","1000","500","0.58","185.141272","4073","33838","5445667","2.53","407.18","13374"
"65","intelligence","intelligence","flat","858","0.225","193.05","0.5","387","193.5","1000","500","0.58","185.141272","4073","33838","5445667","2.53","407.18","13374"
"65","agility","agility;dexterity","flat","858","0.225","193.05","0.5","387","193.5","1000","500","0.58","185.141272","4073","33838","5445667","2.53","407.18","13374"
"65","vitality","vitality","flat","1003.42","0.225","225.77","0.5","452","226","1000","500","0.5","185.141272","3703","43939","7359586","3.29","550.29","13374"
"66","strength","strength","flat","879.66","0.225","197.92","0.5","396","198","1000","500","0.57","200.87828","4419","38572","6248200","2.62","424.73","14711"
"66","intelligence","intelligence","flat","879.66","0.225","197.92","0.5","396","198","1000","500","0.57","200.87828","4419","38572","6248200","2.62","424.73","14711"
"66","agility","agility;dexterity","flat","879.66","0.225","197.92","0.5","396","198","1000","500","0.57","200.87828","4419","38572","6248200","2.62","424.73","14711"
"66","vitality","vitality","flat","1028.55","0.225","231.42","0.5","463","231.5","1000","500","0.49","200.87828","4018","50639","8527188","3.44","579.65","14711"
"67","strength","strength","flat","901.67","0.225","202.88","0.5","406","203","1000","500","0.55","217.952934","4795","44211","7210677","2.73","445.6","16182"
"67","intelligence","intelligence","flat","901.67","0.225","202.88","0.5","406","203","1000","500","0.55","217.952934","4795","44211","7210677","2.73","445.6","16182"
"67","agility","agility;dexterity","flat","901.67","0.225","202.88","0.5","406","203","1000","500","0.55","217.952934","4795","44211","7210677","2.73","445.6","16182"
"67","vitality","vitality","flat","1054.1","0.225","237.17","0.5","475","237.5","1000","500","0.47","217.952934","4359","58681","9935366","3.63","613.98","16182"
"68","strength","strength","flat","924.05","0.225","207.91","0.5","416","208","1000","500","0.54","236.478934","5203","50673","8318022","2.85","467.3","17800"
"68","intelligence","intelligence","flat","924.05","0.225","207.91","0.5","416","208","1000","500","0.54","236.478934","5203","50673","8318022","2.85","467.3","17800"
"68","agility","agility;dexterity","flat","924.05","0.225","207.91","0.5","416","208","1000","500","0.54","236.478934","5203","50673","8318022","2.85","467.3","17800"
"68","vitality","vitality","flat","1080.06","0.225","243.01","0.5","487","243.5","1000","500","0.46","236.478934","4730","68000","11571769","3.82","650.1","17800"
"69","strength","strength","flat","946.8","0.225","213.03","0.5","427","213.5","1000","500","0.53","256.579643","5645","58399","9650164","2.98","492.83","19581"
"69","intelligence","intelligence","flat","946.8","0.225","213.03","0.5","427","213.5","1000","500","0.53","256.579643","5645","58399","9650164","2.98","492.83","19581"
"69","agility","agility;dexterity","flat","946.8","0.225","213.03","0.5","427","213.5","1000","500","0.53","256.579643","5645","58399","9650164","2.98","492.83","19581"
"69","vitality","vitality","flat","1106.45","0.225","248.95","0.5","498","249","1000","500","0.45","256.579643","5132","78369","13394232","4","684.04","19581"
"70","strength","strength","flat","969.92","0.225","218.23","0.5","437","218.5","1000","500","0.52","278.388913","6125","66936","11123549","3.11","516.44","21539"
"70","intelligence","intelligence","flat","969.92","0.225","218.23","0.5","437","218.5","1000","500","0.52","278.388913","6125","66936","11123549","3.11","516.44","21539"
"70","agility","agility;dexterity","flat","969.92","0.225","218.23","0.5","437","218.5","1000","500","0.52","278.388913","6125","66936","11123549","3.11","516.44","21539"
"70","vitality","vitality","flat","1133.27","0.225","254.99","0.5","510","255","1000","500","0.44","278.388913","5568","90815","15590328","4.22","723.82","21539"
"71","strength","strength","flat","993.41","0.225","223.52","0.5","448","224","1000","500","0.5","302.05197","6645","77142","12894783","3.26","544.27","23692"
"71","intelligence","intelligence","flat","993.41","0.225","223.52","0.5","448","224","1000","500","0.5","302.05197","6645","77142","12894783","3.26","544.27","23692"
"71","agility","agility;dexterity","flat","993.41","0.225","223.52","0.5","448","224","1000","500","0.5","302.05197","6645","77142","12894783","3.26","544.27","23692"
"71","vitality","vitality","flat","1160.53","0.225","261.12","0.5","523","261.5","1000","500","0.43","302.05197","6041","105817","18246871","4.47","770.17","23692"
"72","strength","strength","flat","1017.29","0.225","228.89","0.5","458","229","1000","500","0.49","327.726388","7210","88418","14853574","3.39","569.93","26062"
"72","intelligence","intelligence","flat","1017.29","0.225","228.89","0.5","458","229","1000","500","0.49","327.726388","7210","88418","14853574","3.39","569.93","26062"
"72","agility","agility;dexterity","flat","1017.29","0.225","228.89","0.5","458","229","1000","500","0.49","327.726388","7210","88418","14853574","3.39","569.93","26062"
"72","vitality","vitality","flat","1188.23","0.225","267.35","0.5","535","267.5","1000","500","0.42","327.726388","6555","122622","21225852","4.71","814.44","26062"
"73","strength","strength","flat","1041.57","0.225","234.35","0.5","469","234.5","1000","500","0.48","355.583131","7823","101900","17206871","3.55","600.21","28668"
"73","intelligence","intelligence","flat","1041.57","0.225","234.35","0.5","469","234.5","1000","500","0.48","355.583131","7823","101900","17206871","3.55","600.21","28668"
"73","agility","agility;dexterity","flat","1041.57","0.225","234.35","0.5","469","234.5","1000","500","0.48","355.583131","7823","101900","17206871","3.55","600.21","28668"
"73","vitality","vitality","flat","1216.39","0.225","273.69","0.5","548","274","1000","500","0.41","355.583131","7112","142878","24827713","4.98","866.04","28668"
"74","strength","strength","flat","1066.23","0.225","239.9","0.5","480","240","1000","500","0.47","385.807697","8488","117438","19926512","3.72","631.89","31535"
"74","intelligence","intelligence","flat","1066.23","0.225","239.9","0.5","480","240","1000","500","0.47","385.807697","8488","117438","19926512","3.72","631.89","31535"
"74","agility","agility;dexterity","flat","1066.23","0.225","239.9","0.5","480","240","1000","500","0.47","385.807697","8488","117438","19926512","3.72","631.89","31535"
"74","vitality","vitality","flat","1245","0.225","280.13","0.5","561","280.5","1000","500","0.4","385.807697","7716","166480","29032688","5.28","920.65","31535"
"75","strength","strength","flat","1091.3","0.225","245.54","0.5","492","246","1000","500","0.46","418.601351","9209","136089","23205085","3.92","668.97","34688"
"75","intelligence","intelligence","flat","1091.3","0.225","245.54","0.5","492","246","1000","500","0.46","418.601351","9209","136089","23205085","3.92","668.97","34688"
"75","agility","agility;dexterity","flat","1091.3","0.225","245.54","0.5","492","246","1000","500","0.46","418.601351","9209","136089","23205085","3.92","668.97","34688"
"75","vitality","vitality","flat","1274.08","0.225","286.67","0.5","574","287","1000","500","0.39","418.601351","8372","193981","33941097","5.59","978.47","34688"
"76","strength","strength","flat","1116.77","0.225","251.27","0.5","503","251.5","1000","500","0.45","454.182466","9992","156839","26856330","4.11","703.84","38157"
"76","intelligence","intelligence","flat","1116.77","0.225","251.27","0.5","503","251.5","1000","500","0.45","454.182466","9992","156839","26856330","4.11","703.84","38157"
"76","agility","agility;dexterity","flat","1116.77","0.225","251.27","0.5","503","251.5","1000","500","0.45","454.182466","9992","156839","26856330","4.11","703.84","38157"
"76","vitality","vitality","flat","1303.62","0.225","293.31","0.5","587","293.5","1000","500","0.38","454.182466","9084","226025","39669887","5.92","1039.65","38157"
"77","strength","strength","flat","1142.65","0.225","257.1","0.5","515","257.5","1000","500","0.44","492.787975","10841","181748","31255661","4.33","744.66","41973"
"77","intelligence","intelligence","flat","1142.65","0.225","257.1","0.5","515","257.5","1000","500","0.44","492.787975","10841","181748","31255661","4.33","744.66","41973"
"77","agility","agility;dexterity","flat","1142.65","0.225","257.1","0.5","515","257.5","1000","500","0.44","492.787975","10841","181748","31255661","4.33","744.66","41973"
"77","vitality","vitality","flat","1333.64","0.225","300.07","0.5","601","300.5","1000","500","0.37","492.787975","9856","264810","46620202","6.31","1110.72","41973"
"78","strength","strength","flat","1168.95","0.225","263.01","0.5","527","263.5","1000","500","0.43","534.674953","11763","210612","36365076","4.56","787.63","46170"
"78","intelligence","intelligence","flat","1168.95","0.225","263.01","0.5","527","263.5","1000","500","0.43","534.674953","11763","210612","36365076","4.56","787.63","46170"
"78","agility","agility;dexterity","flat","1168.95","0.225","263.01","0.5","527","263.5","1000","500","0.43","534.674953","11763","210612","36365076","4.56","787.63","46170"
"78","vitality","vitality","flat","1364.15","0.225","306.93","0.5","614","307","1000","500","0.37","534.674953","10693","308554","54465085","6.68","1179.66","46170"
"79","strength","strength","flat","1195.68","0.225","269.03","0.5","539","269.5","1000","500","0.42","580.122324","12763","244061","42298318","4.81","832.86","50787"
"79","intelligence","intelligence","flat","1195.68","0.225","269.03","0.5","539","269.5","1000","500","0.42","580.122324","12763","244061","42298318","4.81","832.86","50787"
"79","agility","agility;dexterity","flat","1195.68","0.225","269.03","0.5","539","269.5","1000","500","0.42","580.122324","12763","244061","42298318","4.81","832.86","50787"
"79","vitality","vitality","flat","1395.15","0.225","313.91","0.5","628","314","1000","500","0.36","580.122324","11602","361502","63979580","7.12","1259.76","50787"
"80","strength","strength","flat","1222.83","0.225","275.14","0.5","551","275.5","1000","500","0.41","629.432722","13848","282822","49187275","5.06","880.47","55865"
"80","intelligence","intelligence","flat","1222.83","0.225","275.14","0.5","551","275.5","1000","500","0.41","629.432722","13848","282822","49187275","5.06","880.47","55865"
"80","agility","agility;dexterity","flat","1222.83","0.225","275.14","0.5","551","275.5","1000","500","0.41","629.432722","13848","282822","49187275","5.06","880.47","55865"
"80","vitality","vitality","flat","1426.64","0.225","320.99","0.5","642","321","1000","500","0.35","629.432722","12589","423535","75141059","7.58","1345.05","55865"
"81","strength","strength","flat","1250.42","0.225","281.34","0.5","563","281.5","1000","500","0.4","682.934503","15025","327739","57184872","5.33","930.56","61452"
"81","intelligence","intelligence","flat","1250.42","0.225","281.34","0.5","563","281.5","1000","500","0.4","682.934503","15025","327739","57184872","5.33","930.56","61452"
"81","agility","agility;dexterity","flat","1250.42","0.225","281.34","0.5","563","281.5","1000","500","0.4","682.934503","15025","327739","57184872","5.33","930.56","61452"
"81","vitality","vitality","flat","1458.64","0.225","328.19","0.5","657","328.5","1000","500","0.34","682.934503","13659","498942","88732301","8.12","1443.93","61452"
"82","strength","strength","flat","1278.46","0.225","287.65","0.5","576","288","1000","500","0.39","740.983936","16302","381878","66850293","5.65","988.95","67597"
"82","intelligence","intelligence","flat","1278.46","0.225","287.65","0.5","576","288","1000","500","0.39","740.983936","16302","381878","66850293","5.65","988.95","67597"
"82","agility","agility;dexterity","flat","1278.46","0.225","287.65","0.5","576","288","1000","500","0.39","740.983936","16302","381878","66850293","5.65","988.95","67597"
"82","vitality","vitality","flat","1491.15","0.225","335.51","0.5","672","336","1000","500","0.34","740.983936","14820","587775","104761459","8.7","1549.79","67597"
"83","strength","strength","flat","1306.93","0.225","294.06","0.5","589","294.5","1000","500","0.38","803.967571","17687","444960","78130964","5.98","1050.75","74357"
"83","intelligence","intelligence","flat","1306.93","0.225","294.06","0.5","589","294.5","1000","500","0.38","803.967571","17687","444960","78130964","5.98","1050.75","74357"
"83","agility","agility;dexterity","flat","1306.93","0.225","294.06","0.5","589","294.5","1000","500","0.38","803.967571","17687","444960","78130964","5.98","1050.75","74357"
"83","vitality","vitality","flat","1524.17","0.225","342.94","0.5","686","343","1000","500","0.33","803.967571","16079","688636","122971702","9.26","1653.8","74357"
"84","strength","strength","flat","1335.87","0.225","300.57","0.5","602","301","1000","500","0.37","872.304814","19191","518463","91295291","6.34","1116.17","81793"
"84","intelligence","intelligence","flat","1335.87","0.225","300.57","0.5","602","301","1000","500","0.37","872.304814","19191","518463","91295291","6.34","1116.17","81793"
"84","agility","agility;dexterity","flat","1335.87","0.225","300.57","0.5","602","301","1000","500","0.37","872.304814","19191","518463","91295291","6.34","1116.17","81793"
"84","vitality","vitality","flat","1557.73","0.225","350.49","0.5","701","350.5","1000","500","0.32","872.304814","17446","811243","145137869","9.92","1774.45","81793"
"85","strength","strength","flat","1365.26","0.225","307.18","0.5","615","307.5","1000","500","0.37","946.450723","20822","604108","106656151","6.71","1185.44","89972"
"85","intelligence","intelligence","flat","1365.26","0.225","307.18","0.5","615","307.5","1000","500","0.37","946.450723","20822","604108","106656151","6.71","1185.44","89972"
"85","agility","agility;dexterity","flat","1365.26","0.225","307.18","0.5","615","307.5","1000","500","0.37","946.450723","20822","604108","106656151","6.71","1185.44","89972"
"85","vitality","vitality","flat","1591.81","0.225","358.16","0.5","717","358.5","1000","500","0.31","946.450723","18929","960934","172234606","10.68","1914.31","89972"
"86","strength","strength","flat","1395.12","0.225","313.9","0.5","628","314","1000","500","0.36","1026.899035","22592","703901","124578254","7.11","1258.76","98969"
"86","intelligence","intelligence","flat","1395.12","0.225","313.9","0.5","628","314","1000","500","0.36","1026.899035","22592","703901","124578254","7.11","1258.76","98969"
"86","agility","agility;dexterity","flat","1395.12","0.225","313.9","0.5","628","314","1000","500","0.36","1026.899035","22592","703901","124578254","7.11","1258.76","98969"
"86","vitality","vitality","flat","1626.44","0.225","365.95","0.5","732","366","1000","500","0.31","1026.899035","20538","1132021","203219859","11.44","2053.37","98969"
"87","strength","strength","flat","1425.46","0.225","320.73","0.5","642","321","1000","500","0.35","1114.185453","24512","824689","146311400","7.58","1343.96","108866"
"87","intelligence","intelligence","flat","1425.46","0.225","320.73","0.5","642","321","1000","500","0.35","1114.185453","24512","824689","146311400","7.58","1343.96","108866"
"87","agility","agility;dexterity","flat","1425.46","0.225","320.73","0.5","642","321","1000","500","0.35","1114.185453","24512","824689","146311400","7.58","1343.96","108866"
"87","vitality","vitality","flat","1661.61","0.225","373.86","0.5","748","374","1000","500","0.3","1114.185453","22284","1340903","241089917","12.32","2214.56","108866"
"88","strength","strength","flat","1456.27","0.225","327.66","0.5","656","328","1000","500","0.34","1208.891216","26596","966204","171804156","8.07","1434.65","119753"
"88","intelligence","intelligence","flat","1456.27","0.225","327.66","0.5","656","328","1000","500","0.34","1208.891216","26596","966204","171804156","8.07","1434.65","119753"
"88","agility","agility;dexterity","flat","1456.27","0.225","327.66","0.5","656","328","1000","500","0.34","1208.891216","26596","966204","171804156","8.07","1434.65","119753"
"88","vitality","vitality","flat","1697.34","0.225","381.9","0.5","764","382","1000","500","0.29","1208.891216","24178","1588329","285979402","13.26","2388.08","119753"
"89","strength","strength","flat","1487.57","0.225","334.7","0.5","670","335","1000","500","0.34","1311.64697","28856","1132004","201704234","8.59","1531.22","131728"
"89","intelligence","intelligence","flat","1487.57","0.225","334.7","0.5","670","335","1000","500","0.34","1311.64697","28856","1132004","201704234","8.59","1531.22","131728"
"89","agility","agility;dexterity","flat","1487.57","0.225","334.7","0.5","670","335","1000","500","0.34","1311.64697","28856","1132004","201704234","8.59","1531.22","131728"
"89","vitality","vitality","flat","1733.64","0.225","390.07","0.5","781","390.5","1000","500","0.29","1311.64697","26233","1891757","341077993","14.36","2589.26","131728"
"90","strength","strength","flat","1519.37","0.225","341.86","0.5","684","342","1000","500","0.33","1423.136962","31309","1326254","236770714","9.15","1634.02","144901"
"90","intelligence","intelligence","flat","1519.37","0.225","341.86","0.5","684","342","1000","500","0.33","1423.136962","31309","1326254","236770714","9.15","1634.02","144901"
"90","agility","agility;dexterity","flat","1519.37","0.225","341.86","0.5","684","342","1000","500","0.33","1423.136962","31309","1326254","236770714","9.15","1634.02","144901"
"90","vitality","vitality","flat","1770.5","0.225","398.36","0.5","797","398.5","1000","500","0.28","1423.136962","28463","2240827","404488886","15.46","2791.48","144901"
"91","strength","strength","flat","1551.66","0.225","349.12","0.5","699","349.5","1000","500","0.32","1544.103604","33970","1562383","279455549","9.8","1753.27","159391"
"91","intelligence","intelligence","flat","1551.66","0.225","349.12","0.5","699","349.5","1000","500","0.32","1544.103604","33970","1562383","279455549","9.8","1753.27","159391"
"91","agility","agility;dexterity","flat","1551.66","0.225","349.12","0.5","699","349.5","1000","500","0.32","1544.103604","33970","1562383","279455549","9.8","1753.27","159391"
"91","vitality","vitality","flat","1807.95","0.225","406.79","0.5","814","407","1000","500","0.28","1544.103604","30882","2668906","482309704","16.74","3025.95","159391"
"92","strength","strength","flat","1584.46","0.225","356.5","0.5","713","356.5","1000","500","0.32","1675.35241","36858","1830485","327944556","10.44","1870.44","175330"
"92","intelligence","intelligence","flat","1584.46","0.225","356.5","0.5","713","356.5","1000","500","0.32","1675.35241","36858","1830485","327944556","10.44","1870.44","175330"
"92","agility","agility;dexterity","flat","1584.46","0.225","356.5","0.5","713","356.5","1000","500","0.32","1675.35241","36858","1830485","327944556","10.44","1870.44","175330"
"92","vitality","vitality","flat","1845.98","0.225","415.35","0.5","831","415.5","1000","500","0.27","1675.35241","33507","3178765","575043770","18.13","3279.78","175330"
"93","strength","strength","flat","1617.78","0.225","364","0.5","728","364","1000","500","0.31","1817.757365","39991","2156389","386956052","11.18","2006.38","192863"
"93","intelligence","intelligence","flat","1617.78","0.225","364","0.5","728","364","1000","500","0.31","1817.757365","39991","2156389","386956052","11.18","2006.38","192863"
"93","agility","agility;dexterity","flat","1617.78","0.225","364","0.5","728","364","1000","500","0.31","1817.757365","39991","2156389","386956052","11.18","2006.38","192863"
"93","vitality","vitality","flat","1884.6","0.225","424.04","0.5","849","424.5","1000","500","0.27","1817.757365","36355","3806847","689350867","19.74","3574.3","192863"
"94","strength","strength","flat","1651.62","0.225","371.61","0.5","744","372","1000","500","0.3","1972.266741","43390","2554289","459081376","12.04","2163.96","212149"
"94","intelligence","intelligence","flat","1651.62","0.225","371.61","0.5","744","372","1000","500","0.3","1972.266741","43390","2554289","459081376","12.04","2163.96","212149"
"94","agility","agility;dexterity","flat","1651.62","0.225","371.61","0.5","744","372","1000","500","0.3","1972.266741","43390","2554289","459081376","12.04","2163.96","212149"
"94","vitality","vitality","flat","1923.83","0.225","432.86","0.5","866","433","1000","500","0.26","1972.266741","39445","4534093","821742835","21.37","3873.42","212149"
"95","strength","strength","flat","1685.99","0.225","379.35","0.5","759","379.5","1000","500","0.3","2139.909414","47078","3009060","541551268","12.89","2320.63","233364"
"95","intelligence","intelligence","flat","1685.99","0.225","379.35","0.5","759","379.5","1000","500","0.3","2139.909414","47078","3009060","541551268","12.89","2320.63","233364"
"95","agility","agility;dexterity","flat","1685.99","0.225","379.35","0.5","759","379.5","1000","500","0.3","2139.909414","47078","3009060","541551268","12.89","2320.63","233364"
"95","vitality","vitality","flat","1963.68","0.225","441.83","0.5","884","442","1000","500","0.25","2139.909414","42798","5429972","984916029","23.27","4220.51","233364"
"96","strength","strength","flat","1720.89","0.225","387.2","0.5","775","387.5","1000","500","0.29","2321.801714","51080","3564296","642330972","13.89","2502.26","256700"
"96","intelligence","intelligence","flat","1720.89","0.225","387.2","0.5","775","387.5","1000","500","0.29","2321.801714","51080","3564296","642330972","13.89","2502.26","256700"
"96","agility","agility;dexterity","flat","1720.89","0.225","387.2","0.5","775","387.5","1000","500","0.29","2321.801714","51080","3564296","642330972","13.89","2502.26","256700"
"96","vitality","vitality","flat","2004.14","0.225","450.93","0.5","902","451","1000","500","0.25","2321.801714","46436","6502863","1180398765","25.33","4598.36","256700"
"97","strength","strength","flat","1756.34","0.225","395.18","0.5","791","395.5","1000","500","0.28","2519.15486","55421","4221986","761779104","14.95","2697.8","282370"
"97","intelligence","intelligence","flat","1756.34","0.225","395.18","0.5","791","395.5","1000","500","0.28","2519.15486","55421","4221986","761779104","14.95","2697.8","282370"
"97","agility","agility;dexterity","flat","1756.34","0.225","395.18","0.5","791","395.5","1000","500","0.28","2519.15486","55421","4221986","761779104","14.95","2697.8","282370"
"97","vitality","vitality","flat","2045.23","0.225","460.18","0.5","921","460.5","1000","500","0.24","2519.15486","50383","7830578","1422411402","27.73","5037.4","282370"
"98","strength","strength","flat","1792.33","0.225","403.27","0.5","807","403.5","1000","500","0.28","2733.283023","60132","5001033","903346544","16.1","2908.33","310607"
"98","intelligence","intelligence","flat","1792.33","0.225","403.27","0.5","807","403.5","1000","500","0.28","2733.283023","60132","5001033","903346544","16.1","2908.33","310607"
"98","agility","agility;dexterity","flat","1792.33","0.225","403.27","0.5","807","403.5","1000","500","0.28","2733.283023","60132","5001033","903346544","16.1","2908.33","310607"
"98","vitality","vitality","flat","2086.97","0.225","469.57","0.5","940","470","1000","500","0.24","2733.283023","54666","9429376","1713922196","30.36","5517.98","310607"
"99","strength","strength","flat","1828.89","0.225","411.5","0.5","823","411.5","1000","500","0.27","2965.61208","65243","5923830","1071121459","17.34","3134.98","341668"
"99","intelligence","intelligence","flat","1828.89","0.225","411.5","0.5","823","411.5","1000","500","0.27","2965.61208","65243","5923830","1071121459","17.34","3134.98","341668"
"99","agility","agility;dexterity","flat","1828.89","0.225","411.5","0.5","823","411.5","1000","500","0.27","2965.61208","65243","5923830","1071121459","17.34","3134.98","341668"
"99","vitality","vitality","flat","2129.34","0.225","479.1","0.5","959","479.5","1000","500","0.23","2965.61208","59312","11354607","2065044640","33.23","6044.01","341668"
"100","strength","strength","flat","1866.02","0.225","419.85","0.5","840","420","1000","500","0.27","3217.689107","70789","7055497","1277002431","18.77","3397.77","375835"
"100","intelligence","intelligence","flat","1866.02","0.225","419.85","0.5","840","420","1000","500","0.27","3217.689107","70789","7055497","1277002431","18.77","3397.77","375835"
"100","agility","agility;dexterity","flat","1866.02","0.225","419.85","0.5","840","420","1000","500","0.27","3217.689107","70789","7055497","1277002431","18.77","3397.77","375835"
"100","vitality","vitality","flat","2172.38","0.225","488.79","0.5","978","489","1000","500","0.23","3217.689107","64354","13672920","2487957759","36.38","6619.81","375835"
